name,markingNo,groupMethod,clusterCNA,clusterSNV,clusterPhyloCNA,clusterPhyloAlpha,clusterPhyloSNV,clusterPhyloCNAorder,clusterPhyloSNVorder,clusterPhyloSNV_WESorder
190422_Tumor,NA,Tumor,3,1,1,NA,1,0,0,
201229-bMDA-BRCA_D3_2_TTTCAA,10,bMDA,2,1,4,2,1,24,14,24
201229-bMDA-BRCA_D3_3_TTTGCT,67,bMDA,4,NA,1,NA,NA,,,
201229-bMDA-BRCA_D3_4_TTATTG,32,bMDA,2,1,4,2,1,21,11,23
201229-bMDA-BRCA_D3_5_TTAACA,31,bMDA,2,2,4,2,2,22,17,22
201229-bMDA-BRCA_D3_6_TTACGT,1,bMDA,2,2,4,2,2,20,15,21
201229-bMDA-BRCA_D3_7_TTCTAC,3,bMDA,3,2,4,1,2,19,16,20
201229-bMDA-BRCA_D3_9_TTGTGA,60,bMDA,1,3,2,3,3,13,5,10
201229-bMDA-BRCA_D3_10_TTGAAT,54,bMDA,1,3,2,3,3,10,6,9
201229-bMDA-BRCA_D3_13_TATAAG,59,bMDA,2,2,4,2,2,23,24,8
201229-bMDA-BRCA_D3_16_TAACCG,20,bMDA,3,1,3,1,1,16,13,18
201229-bMDA-BRCA_D3_17_TAAGTC,63,bMDA,3,NA,3,NA,NA,,,
201229-bMDA-BRCA_D3_18_TACATA,30,bMDA,1,2,2,4,2,7,23,7
201229-bMDA-BRCA_D3_19_TAGAGC,24,bMDA,3,1,3,1,1,18,12,15
201229-bMDA-BRCA_D3_21_TCTAGT,34,bMDA,3,3,3,1,3,17,7,12
201229-bMDA-BRCA_D3_22_TCATGC,52,bMDA,4,4,1,5,4,4,3,4
201229-bMDA-BRCA_D3_23_TCAGAT,40,bMDA,1,2,2,4,2,11,22,5
201229-bMDA-BRCA_D3_25_TCCCAG,16,bMDA,1,3,2,4,3,8,10,14
201229-bMDA-BRCA_D3_26_TCGACG,22,bMDA,1,3,2,3,3,12,9,16
201229-bMDA-BRCA_D3_28_TGAAAC,12,bMDA,3,NA,3,NA,NA,,,
201229-bMDA-BRCA_D3_29_TGACTA,37,bMDA,3,2,3,1,2,15,18,13
201229-bMDA-BRCA_D3_32_ATTTAG,58,bMDA,3,3,2,3,3,14,8,11
201229-bMDA-BRCA_D3_36_ATCACC,56,bMDA,3,1,1,5,2,5,21,6
201229-bMDA-BRCA_D3_37_ATCCAT,57,bMDA,4,4,1,5,4,3,1,1
201229-bMDA-BRCA_D3_41_AATTGT,66,bMDA,4,1,1,5,4,2,4,3
201229-bMDA-BRCA_D3_42_AATACA,8,bMDA,1,2,2,4,2,6,20,19
201229-bMDA-BRCA_D3_43_AAACGA,17,bMDA,1,2,2,3,2,9,19,17
201229-bMDA-BRCA_D3_44_AAAGCT,6,bMDA,2,NA,4,NA,NA,,,
201229-bMDA-BRCA_D3_46_AAGTAA,68,bMDA,4,4,1,5,4,1,2,2
